weekly data
week 0: 272
week 1: 339
week 2: 583
week 3: 726
week 4: 529
week 5: 579
week 6: 591
week 7: 765
week 8: 638
week 9: 616
week 10: 597
week 11: 680
week 12: 676
week 13: 670
week 14: 764
week 15: 737
week 16: 672
week 17: 891
week 18: 799
week 19: 805
week 20: 688
week 21: 749
week 22: 686
week 23: 667
week 24: 775
week 25: 838
week 26: 788
week 27: 583
week 28: 779
week 29: 683
week 30: 656
week 31: 454
week 32: 659
week 33: 770
week 34: 597
week 35: 665
week 36: 621
week 37: 748
week 38: 784
week 39: 750
week 40: 741
week 41: 496
week 42: 462
week 43: 543
week 44: 612
week 45: 543
week 46: 445
week 47: 726
week 48: 593
week 49: 549
week 50: 541
week 51: 608
week 52: 517
week 53: 490
week 54: 454
week 55: 538
week 56: 661
week 57: 632
week 58: 577
week 59: 881
week 60: 619
week 61: 598
week 62: 679
week 63: 673
week 64: 697
week 65: 629
week 66: 803
week 67: 463
week 68: 770
week 69: 683
week 70: 626
week 71: 695
week 72: 622
week 73: 749
week 74: 743
week 75: 512
week 76: 566
week 77: 640
week 78: 652
week 79: 651
week 80: 624
week 81: 405
week 82: 521
week 83: 558
week 84: 445
week 85: 483
week 86: 561
week 87: 422
week 88: 421
week 89: 609
week 90: 602
week 91: 704
week 92: 686
week 93: 369
week 94: 229

data per given day
Sunday: 62.97
Monday: 52.32
Tuesday: 61.80
Wednesday: 66.54
Thursday: 75.02
Friday: 140.59
Saturday: 168.38

average data per given month
January: 70.40
February: 82.75
March: 69.49
April: 80.53
May: 95.92
June: 96.08
July: 101.24
August: 106.97
September: 94.18
October: 80.94
November: 82.80
December: 99.27

joint data for given month and day where both exceed each averages
January-Friday          131.29
February-Friday         172.50
February-Saturday       182.50
May-Friday              149.70
May-Saturday            171.44
May-Sunday              95.25
June-Thursday           90.50
June-Friday             153.62
June-Saturday           159.11
July-Thursday           108.00
July-Friday             154.86
July-Saturday           182.62
August-Thursday         104.44
August-Friday           165.30
August-Saturday         178.60
September-Thursday      90.12
September-Friday        148.75
September-Saturday      182.25
October-Friday          137.22
October-Saturday        181.38
November-Saturday       163.80
December-Tuesday        91.50
December-Wednesday      103.75
December-Thursday       90.14
December-Friday         149.00
December-Saturday       171.25

general joint data
January-Monday          29.75
January-Tuesday         35.20
January-Wednesday       44.83
January-Thursday        52.17
January-Friday          131.29
January-Saturday        148.67
January-Sunday          44.83
February-Monday         39.50
February-Tuesday        42.25
February-Wednesday      44.75
February-Thursday       52.50
February-Friday         172.50
February-Saturday       182.50
February-Sunday         60.33
March-Monday            35.17
March-Tuesday           56.60
March-Wednesday         46.80
March-Thursday          54.40
March-Friday            87.50
March-Saturday          140.86
March-Sunday            48.29
April-Monday            52.33
April-Tuesday           67.70
April-Wednesday         60.11
April-Thursday          61.50
April-Friday            128.88
April-Saturday          156.12
April-Sunday            46.38
May-Monday              58.57
May-Tuesday             55.88
May-Wednesday           62.44
May-Thursday            72.60
May-Friday              149.70
May-Saturday            171.44
May-Sunday              95.25
June-Monday             66.67
June-Tuesday            64.00
June-Wednesday          63.75
June-Thursday           90.50
June-Friday             153.62
June-Saturday           159.11
June-Sunday             75.80
July-Monday             77.22
July-Tuesday            75.20
July-Wednesday          81.30
July-Thursday           108.00
July-Friday             154.86
July-Saturday           182.62
July-Sunday             62.50
August-Monday           61.88
August-Tuesday          62.25
August-Wednesday        73.00
August-Thursday         104.44
August-Friday           165.30
August-Saturday         178.60
August-Sunday           75.11
September-Monday        63.25
September-Tuesday       62.78
September-Wednesday     80.12
September-Thursday      90.12
September-Friday        148.75
September-Saturday      182.25
September-Sunday        63.33
October-Monday          36.62
October-Tuesday         50.89
October-Wednesday       57.30
October-Thursday        55.60
October-Friday          137.22
October-Saturday        181.38
October-Sunday          56.50
November-Monday         48.50
November-Tuesday        44.62
November-Wednesday      64.88
November-Thursday       70.71
November-Friday         123.44
November-Saturday       163.80
November-Sunday         51.11
December-Monday         57.20
December-Tuesday        91.50
December-Wednesday      103.75
December-Thursday       90.14
December-Friday         149.00
December-Saturday       171.25
December-Sunday         71.67